"ID","NAME"
"199","Leann Lindgren"
"28","Erik Sawayn"
"38","Mariano Turner Sr."
"42","Derick Hegmann Jr."
"116","Erwin Flatley"
"54","Mr. Lyle Von"
"12","Mrs. Nikki Braun"
"3","Mrs. Lecia Collier"
"29","Juan Friesen"
"47","Dr. Britta Walsh"
"10","Reyna Balistreri DDS"
"43","Claribel Nikolaus"
"101","Willetta Torphy"
"87","Collene Hartmann"
"218","Faustina Considine"
"166","Heriberto Rice"
"138","Donovan Friesen"
"173","Reyes Lemke"
"69","Jackson Tillman"
"150","Esther Bechtelar II"
"140","Doyle Stokes"
"95","Karl O'Connell"
"202","Rodney Bode"
"244","Hiram Altenwerth MD"
"57","Roy Walter"
"20","Columbus Morar DVM"
"141","Dacia Turner"
"194","Tatiana Lubowitz"
"186","Terence Casper II"
"16","Sung Auer"
"220","Adelle Waters"
"90","Veta Lindgren V"
"25","Marianne Hegmann"
"119","Anastasia Littel"
"187","Marilyn Bauch"
"39","Ossie Brekke"
"180","Jamie Denesik"
"179","Chung Rau"
"159","Alonso Satterfield"
"160","Leora Schmitt"
"125","Dr. Raymond Walter"
"21","Miss Christian Cormier"
"217","Khadijah Sipes"
"82","Miss Rheba Jacobi"
"133","Arden Nicolas III"
"80","Francesco Rippin"
"176","Shela Tillman"
"112","Royal Leannon"
"93","Christiana Casper PhD"
"98","Ernest Thompson"
"221","Shela Torp"
"109","Ms. Freddy King"
"37","Lakeisha Altenwerth"
"113","Elvin Powlowski"
"51","Kali Zemlak"
"88","Irving Fay"
"50","Miss Burt Rogahn"
"208","Mrs. Eddy Ondricka"
"142","Magaret Feil"
"89","Mr. Willie Pagac"
"248","Alesha Schultz"
"204","Rey Stoltenberg"
"134","Louella Leuschke IV"
"118","Pasty Ratke IV"
"123","Vernita Tremblay"
"196","Benjamin Hoeger III"
"225","Jayson Wuckert"
"171","Theresa Quigley"
"219","Gerald Fisher"
"60","Dr. Brunilda Morissette"
"71","Kelle Jaskolski"
"70","Hollis Keeling III"
"165","Fern Ziemann II"
"114","Mrs. Dorian Corkery"
"117","Argentina Lueilwitz I"
"131","Mrs. John Becker"
"8","Dr. Sergio Pfeffer"
"245","Garry O'Connell"
"48","Miss Kaye Gleichner"
"75","Samual Strosin"
"108","Bari Hickle"
"56","Lucius Harvey"
"167","Mrs. Kareem Will"
"15","Ellsworth Weimann Sr."
"233","Dwain Fahey"
"86","Damaris Effertz"
"182","Mana Bergstrom I"
"1","Carolyn Kuhlman"
"132","Anton Dietrich II"
"32","Lance Schiller"
"249","Meryl Kris"
"152","Janina Herman DVM"
"229","Christi Kuvalis"
"5","Gwen Gutkowski"
"211","Boris Kohler"
"178","Dwight Wiza DDS"
"247","Polly Skiles"
"230","Palmer Lehner"
"239","Pedro Gerlach"
"49","Lucrecia Breitenberg"
"210","Tod Hermann"
"235","Kip Nienow"
"45","Sally Bernier"
"156","Gerry Quigley"
"107","Sammy Mills"
"189","Jeremy Casper"
"33","Isidra Marvin"
"183","Morris Gibson DVM"
"91","Miquel Ryan"
"103","Shan Hoppe DDS"
"157","Dr. Erwin Volkman"
"212","Mrs. Marcella Rice"
"188","Gay Jacobs"
"63","Nadine Kutch"
"216","Mr. Jack McClure"
"104","Rex Bode"
"174","Miss Anibal Heidenreich"
"168","Malika Heller"
"222","Mrs. Quinn Gorczany"
"67","Neville Sipes"
"106","Mr. Anderson Fadel"
"64","Cedrick Nolan"
"115","Leonardo Ryan"
"4","Zonia Keeling"
"44","Angelo Herman"
"242","Ms. Arron Hammes"
"62","Mr. Edwin Kertzmann"
"30","Sallie Streich"
"121","Jame Wunsch"
"100","Theron Romaguera DDS"
"143","Ms. Sharonda Bednar"
"149","Euna Bayer V"
"61","Richard Windler"
"94","Michal Herzog"
"144","Elvis Fahey"
"154","Shala Rice"
"198","Meryl Yundt"
"236","Charley Emmerich"
"13","Lelah Glover"
"99","Humberto Baumbach"
"7","Deandre McClure"
"234","Miss Shirely Kerluke"
"27","Laurence Hammes"
"161","Annika Rath"
"195","Jaunita Lebsack"
"83","Collin Harvey PhD"
"9","Dorsey Windler"
"153","Sean Rempel"
"185","Mr. Isaura Rohan"
"77","Rosena Metz"
"158","Clare Kohler"
"26","Star Schmeler"
"105","Barrett West"
"124","Dr. Ramon Frami"
"41","Miss Dwayne Kuhn"
"17","Marcellus Tillman"
"53","Jeff Altenwerth"
"35","Mr. Carey Waters"
"79","Jami Barrows"
"22","Tawanna Veum"
"120","Mona Pacocha"
"81","Stephnie Ondricka"
"147","Jesusa Feeney"
"209","Ian Herzog"
"181","Mrs. Claudio Becker"
"18","Charlott Rutherford"
"127","Josie Strosin"
"146","Ms. Melania Metz"
"170","Jan Little"
"6","Orval Schuppe III"
"148","Chad Zieme MD"
"68","Mervin Lehner"
"65","Jeana Balistreri"
"215","Royce Bahringer"
"177","Julian Larson Sr."
"14","Sibyl Green"
"73","Jannet Mertz"
"92","Jerrell Murray"
"11","Dr. Dudley Dickens"
"55","Darleen Funk I"
"78","Leonida Flatley"
"238","Aurelio Mraz"
"110","Hollis Cassin II"
"122","Inocencia Gislason Jr."
"2","Jeanette Olson"
"155","Miss Jewel Cronin"
"59","Delia Muller"
"214","Scottie Mertz DVM"
"224","Gaylord Dooley"
"193","Shelton Stanton"
"40","Mrs. Fernande Stracke"
"36","Eliz Jones Jr."
"223","Mr. Anthony Frami"
"58","Norman Zemlak"
"241","Hayden Jones"
"76","Ashley Harvey"
"192","Milton Cruickshank"
"24","Rodrigo Price"
"227","Mrs. Sandi Crooks"
"136","Mr. Sanda Bartoletti"
"137","Mary Carroll PhD"
"232","Khadijah Gerlach"
"228","Benita Runte DDS"
"243","Temple Wilderman"
"201","Grazyna Tromp"
"102","Deandrea Johns"
"169","Demetrius Gleichner"
"237","Eddie Bins"
"206","Mercy Kerluke"
"34","Miss Berna Breitenberg"
"190","Telma Wilderman"
"184","Jeremy Reilly"
"66","Heriberto Kovacek"
"207","Darius Barton"
"96","Nathaniel O'Keefe"
"72","Dorian Witting"
"226","Caitlyn Durgan"
"205","Milan Grimes V"
"164","Leopoldo Orn"
"84","August Gleason"
"139","Mrs. Kathey Kub"
"191","Ms. Shane Ledner"
"175","Khalilah King Sr."
"97","Laine Goyette"
"240","Ms. Jamar Becker"
"111","Veta Daugherty"
"172","Mr. Tisa Schultz"
"246","Kristofer Botsford"
"19","Miss Hector Cole"
"23","Odell Johnston"
"213","Derick DuBuque"
"200","Paul Jerde I"
"130","Mrs. Tyrell Kuvalis"
"203","Jeromy Nienow"
"231","Dinorah Denesik"
"145","John Zulauf"
"46","Walton Rosenbaum"
"74","Dr. Mana Jacobson"
"128","Jacob Rutherford"
"52","Hayden Grant"
"151","Keiko Krajcik"
"126","Genny DuBuque"
"162","Eugenio Beatty"
"197","Thaddeus Lind"
"129","Kami Stamm"
"163","Shayne Hintz"
"135","Miss Orlando Cartwright"
"31","Carmelo Dare"
"85","Beatrice Thompson"
